"","estado","nome","partido","coligacao","votos","porcentagem","cargo","ano","turno","estados_sigla","UF"
"1","Rondônia","Luiz Inácio Lula da Silva","PT","PT PSB PCdoB",75532,0.11,"Presidente",1989,"Turno 1","RO","RO"
"2","Acre","Luiz Inácio Lula da Silva","PT","PT PSB PCdoB",22954,0.03,"Presidente",1989,"Turno 1","AC","AC"
"3","Amazonas","Luiz Inácio Lula da Silva","PT","PT PSB PCdoB",125406,0.19,"Presidente",1989,"Turno 1","AM","AM"
"4","Roraima","Luiz Inácio Lula da Silva","PT","PT PSB PCdoB",5417,0.01,"Presidente",1989,"Turno 1","RR","RR"
"5","Pará","Luiz Inácio Lula da Silva","PT","PT PSB PCdoB",294981,0.44,"Presidente",1989,"Turno 1","PA","PA"
"6","Amapá","Luiz Inácio Lula da Silva","PT","PT PSB PCdoB",21026,0.03,"Presidente",1989,"Turno 1","AP","AP"
"7","Tocantins","Luiz Inácio Lula da Silva","PT","PT PSB PCdoB",27888,0.04,"Presidente",1989,"Turno 1","TO","TO"
"8","Maranhão","Luiz Inácio Lula da Silva","PT","PT PSB PCdoB",255586,0.38,"Presidente",1989,"Turno 1","MA","MA"
"9","Piauí","Luiz Inácio Lula da Silva","PT","PT PSB PCdoB",219406,0.32,"Presidente",1989,"Turno 1","PI","PI"
"10","Ceará","Luiz Inácio Lula da Silva","PT","PT PSB PCdoB",321526,0.48,"Presidente",1989,"Turno 1","CE","CE"
"11","R. G. do Norte","Luiz Inácio Lula da Silva","PT","PT PSB PCdoB",239010,0.35,"Presidente",1989,"Turno 1","RN","RN"
"12","Paraíba","Luiz Inácio Lula da Silva","PT","PT PSB PCdoB",313895,0.46,"Presidente",1989,"Turno 1","PB","PB"
"13","Pernambuco","Luiz Inácio Lula da Silva","PT","PT PSB PCdoB",950189,1.41,"Presidente",1989,"Turno 1","PE","PE"
"14","Alagoas","Luiz Inácio Lula da Silva","PT","PT PSB PCdoB",76227,0.11,"Presidente",1989,"Turno 1","AL","AL"
"15","Sergipe","Luiz Inácio Lula da Silva","PT","PT PSB PCdoB",108002,0.16,"Presidente",1989,"Turno 1","SE","SE"
"16","Bahia","Luiz Inácio Lula da Silva","PT","PT PSB PCdoB",1050444,1.55,"Presidente",1989,"Turno 1","BA","BA"
"17","Minas Gerais","Luiz Inácio Lula da Silva","PT","PT PSB PCdoB",1792789,2.65,"Presidente",1989,"Turno 1","MG","MG"
"18","Espírito Santo","Luiz Inácio Lula da Silva","PT","PT PSB PCdoB",264983,0.39,"Presidente",1989,"Turno 1","ES","ES"
"19","Rio de Janeiro","Luiz Inácio Lula da Silva","PT","PT PSB PCdoB",904223,1.34,"Presidente",1989,"Turno 1","RJ","RJ"
"20","São Paulo","Luiz Inácio Lula da Silva","PT","PT PSB PCdoB",2921970,4.32,"Presidente",1989,"Turno 1","SP","SP"
"21","Paraná","Luiz Inácio Lula da Silva","PT","PT PSB PCdoB",353907,0.52,"Presidente",1989,"Turno 1","PR","PR"
"22","Santa Catarina","Luiz Inácio Lula da Silva","PT","PT PSB PCdoB",255015,0.38,"Presidente",1989,"Turno 1","SC","SC"
"23","R. G. do Sul","Luiz Inácio Lula da Silva","PT","PT PSB PCdoB",350062,0.52,"Presidente",1989,"Turno 1","RS","RS"
"24","M. G. do Sul","Luiz Inácio Lula da Silva","PT","PT PSB PCdoB",73697,0.11,"Presidente",1989,"Turno 1","MS","MS"
"25","Mato Grosso","Luiz Inácio Lula da Silva","PT","PT PSB PCdoB",76700,0.11,"Presidente",1989,"Turno 1","MT","MT"
"26","Goiás","Luiz Inácio Lula da Silva","PT","PT PSB PCdoB",298261,0.44,"Presidente",1989,"Turno 1","GO","GO"
"27","Distrito Federal","Luiz Inácio Lula da Silva","PT","PT PSB PCdoB",220720,0.33,"Presidente",1989,"Turno 1","DF","DF"
"28","Rondônia","Mário Covas","PSDB","PSDB",13718,0.02,"Presidente",1989,"Turno 1","RO","RO"
"29","Acre","Mário Covas","PSDB","PSDB",3716,0.01,"Presidente",1989,"Turno 1","AC","AC"
"30","Amazonas","Mário Covas","PSDB","PSDB",36380,0.05,"Presidente",1989,"Turno 1","AM","AM"
"31","Roraima","Mário Covas","PSDB","PSDB",2944,0,"Presidente",1989,"Turno 1","RR","RR"
"32","Pará","Mário Covas","PSDB","PSDB",101282,0.15,"Presidente",1989,"Turno 1","PA","PA"
"33","Amapá","Mário Covas","PSDB","PSDB",3695,0.01,"Presidente",1989,"Turno 1","AP","AP"
"34","Tocantins","Mário Covas","PSDB","PSDB",9739,0.01,"Presidente",1989,"Turno 1","TO","TO"
"35","Maranhão","Mário Covas","PSDB","PSDB",44154,0.07,"Presidente",1989,"Turno 1","MA","MA"
"36","Piauí","Mário Covas","PSDB","PSDB",48763,0.07,"Presidente",1989,"Turno 1","PI","PI"
"37","Ceará","Mário Covas","PSDB","PSDB",477286,0.71,"Presidente",1989,"Turno 1","CE","CE"
"38","R. G. do Norte","Mário Covas","PSDB","PSDB",56768,0.08,"Presidente",1989,"Turno 1","RN","RN"
"39","Paraíba","Mário Covas","PSDB","PSDB",94774,0.14,"Presidente",1989,"Turno 1","PB","PB"
"40","Pernambuco","Mário Covas","PSDB","PSDB",101093,0.15,"Presidente",1989,"Turno 1","PE","PE"
"41","Alagoas","Mário Covas","PSDB","PSDB",67240,0.1,"Presidente",1989,"Turno 1","AL","AL"
"42","Sergipe","Mário Covas","PSDB","PSDB",39499,0.06,"Presidente",1989,"Turno 1","SE","SE"
"43","Bahia","Mário Covas","PSDB","PSDB",248803,0.37,"Presidente",1989,"Turno 1","BA","BA"
"44","Minas Gerais","Mário Covas","PSDB","PSDB",799227,1.18,"Presidente",1989,"Turno 1","MG","MG"
"45","Espírito Santo","Mário Covas","PSDB","PSDB",118048,0.17,"Presidente",1989,"Turno 1","ES","ES"
"46","Rio de Janeiro","Mário Covas","PSDB","PSDB",643786,0.95,"Presidente",1989,"Turno 1","RJ","RJ"
"47","São Paulo","Mário Covas","PSDB","PSDB",3802330,5.62,"Presidente",1989,"Turno 1","SP","SP"
"48","Paraná","Mário Covas","PSDB","PSDB",325652,0.48,"Presidente",1989,"Turno 1","PR","PR"
"49","Santa Catarina","Mário Covas","PSDB","PSDB",177980,0.26,"Presidente",1989,"Turno 1","SC","SC"
"50","R. G. do Sul","Mário Covas","PSDB","PSDB",249384,0.37,"Presidente",1989,"Turno 1","RS","RS"
"51","M. G. do Sul","Mário Covas","PSDB","PSDB",50465,0.07,"Presidente",1989,"Turno 1","MS","MS"
"52","Mato Grosso","Mário Covas","PSDB","PSDB",33472,0.05,"Presidente",1989,"Turno 1","MT","MT"
"53","Goiás","Mário Covas","PSDB","PSDB",101514,0.15,"Presidente",1989,"Turno 1","GO","GO"
"54","Distrito Federal","Mário Covas","PSDB","PSDB",135227,0.2,"Presidente",1989,"Turno 1","DF","DF"
"55","Rondônia","Luiz Inácio Lula da Silva","PT","PT PSB PCdoB",136123,0.21,"Presidente",1989,"Turno 2","RO","RO"
"56","Acre","Luiz Inácio Lula da Silva","PT","PT PSB PCdoB",39695,0.06,"Presidente",1989,"Turno 2","AC","AC"
"57","Amazonas","Luiz Inácio Lula da Silva","PT","PT PSB PCdoB",197431,0.3,"Presidente",1989,"Turno 2","AM","AM"
"58","Roraima","Luiz Inácio Lula da Silva","PT","PT PSB PCdoB",12364,0.02,"Presidente",1989,"Turno 2","RR","RR"
"59","Pará","Luiz Inácio Lula da Silva","PT","PT PSB PCdoB",419656,0.63,"Presidente",1989,"Turno 2","PA","PA"
"60","Amapá","Luiz Inácio Lula da Silva","PT","PT PSB PCdoB",29926,0.05,"Presidente",1989,"Turno 2","AP","AP"
"61","Tocantins","Luiz Inácio Lula da Silva","PT","PT PSB PCdoB",62576,0.09,"Presidente",1989,"Turno 2","TO","TO"
"62","Maranhão","Luiz Inácio Lula da Silva","PT","PT PSB PCdoB",521854,0.79,"Presidente",1989,"Turno 2","MA","MA"
"63","Piauí","Luiz Inácio Lula da Silva","PT","PT PSB PCdoB",411812,0.62,"Presidente",1989,"Turno 2","PI","PI"
"64","Ceará","Luiz Inácio Lula da Silva","PT","PT PSB PCdoB",1119521,1.69,"Presidente",1989,"Turno 2","CE","CE"
"65","R. G. do Norte","Luiz Inácio Lula da Silva","PT","PT PSB PCdoB",482465,0.73,"Presidente",1989,"Turno 2","RN","RN"
"66","Paraíba","Luiz Inácio Lula da Silva","PT","PT PSB PCdoB",606446,0.92,"Presidente",1989,"Turno 2","PB","PB"
"67","Pernambuco","Luiz Inácio Lula da Silva","PT","PT PSB PCdoB",1509085,2.28,"Presidente",1989,"Turno 2","PE","PE"
"68","Alagoas","Luiz Inácio Lula da Silva","PT","PT PSB PCdoB",214890,0.32,"Presidente",1989,"Turno 2","AL","AL"
"69","Sergipe","Luiz Inácio Lula da Silva","PT","PT PSB PCdoB",208829,0.32,"Presidente",1989,"Turno 2","SE","SE"
"70","Bahia","Luiz Inácio Lula da Silva","PT","PT PSB PCdoB",1980907,2.99,"Presidente",1989,"Turno 2","BA","BA"
"71","Minas Gerais","Luiz Inácio Lula da Silva","PT","PT PSB PCdoB",3355121,5.07,"Presidente",1989,"Turno 2","MG","MG"
"72","Espírito Santo","Luiz Inácio Lula da Silva","PT","PT PSB PCdoB",473597,0.72,"Presidente",1989,"Turno 2","ES","ES"
"73","Rio de Janeiro","Luiz Inácio Lula da Silva","PT","PT PSB PCdoB",5228265,7.9,"Presidente",1989,"Turno 2","RJ","RJ"
"74","São Paulo","Luiz Inácio Lula da Silva","PT","PT PSB PCdoB",6739378,10.19,"Presidente",1989,"Turno 2","SP","SP"
"75","Paraná","Luiz Inácio Lula da Silva","PT","PT PSB PCdoB",1357994,2.05,"Presidente",1989,"Turno 2","PR","PR"
"76","Santa Catarina","Luiz Inácio Lula da Silva","PT","PT PSB PCdoB",1152730,1.74,"Presidente",1989,"Turno 2","SC","SC"
"77","R. G. do Sul","Luiz Inácio Lula da Silva","PT","PT PSB PCdoB",3366802,5.09,"Presidente",1989,"Turno 2","RS","RS"
"78","M. G. do Sul","Luiz Inácio Lula da Silva","PT","PT PSB PCdoB",215859,0.33,"Presidente",1989,"Turno 2","MS","MS"
"79","Mato Grosso","Luiz Inácio Lula da Silva","PT","PT PSB PCdoB",240486,0.36,"Presidente",1989,"Turno 2","MT","MT"
"80","Goiás","Luiz Inácio Lula da Silva","PT","PT PSB PCdoB",535142,0.81,"Presidente",1989,"Turno 2","GO","GO"
"81","Distrito Federal","Luiz Inácio Lula da Silva","PT","PT PSB PCdoB",451780,0.68,"Presidente",1989,"Turno 2","DF","DF"
"82","Rondônia","Fernando Henrique Cardoso","PSDB","PSDB PFL PTB",259418,0.41,"Presidente",1994,"Turno 1","RO","RO"
"83","Acre","Fernando Henrique Cardoso","PSDB","PSDB PFL PTB",90132,0.14,"Presidente",1994,"Turno 1","AC","AC"
"84","Amazonas","Fernando Henrique Cardoso","PSDB","PSDB PFL PTB",419742,0.66,"Presidente",1994,"Turno 1","AM","AM"
"85","Roraima","Fernando Henrique Cardoso","PSDB","PSDB PFL PTB",60693,0.1,"Presidente",1994,"Turno 1","RR","RR"
"86","Pará","Fernando Henrique Cardoso","PSDB","PSDB PFL PTB",809793,1.28,"Presidente",1994,"Turno 1","PA","PA"
"87","Amapá","Fernando Henrique Cardoso","PSDB","PSDB PFL PTB",76397,0.12,"Presidente",1994,"Turno 1","AP","AP"
"88","Tocantins","Fernando Henrique Cardoso","PSDB","PSDB PFL PTB",234699,0.37,"Presidente",1994,"Turno 1","TO","TO"
"89","Maranhão","Fernando Henrique Cardoso","PSDB","PSDB PFL PTB",785417,1.24,"Presidente",1994,"Turno 1","MA","MA"
"90","Piauí","Fernando Henrique Cardoso","PSDB","PSDB PFL PTB",476404,0.75,"Presidente",1994,"Turno 1","PI","PI"
"91","Ceará","Fernando Henrique Cardoso","PSDB","PSDB PFL PTB",1517698,2.4,"Presidente",1994,"Turno 1","CE","CE"
"92","R. G. do Norte","Fernando Henrique Cardoso","PSDB","PSDB PFL PTB",606681,0.96,"Presidente",1994,"Turno 1","RN","RN"
"93","Paraíba","Fernando Henrique Cardoso","PSDB","PSDB PFL PTB",761876,1.2,"Presidente",1994,"Turno 1","PB","PB"
"94","Pernambuco","Fernando Henrique Cardoso","PSDB","PSDB PFL PTB",1381756,2.18,"Presidente",1994,"Turno 1","PE","PE"
"95","Alagoas","Fernando Henrique Cardoso","PSDB","PSDB PFL PTB",525036,0.83,"Presidente",1994,"Turno 1","AL","AL"
"96","Sergipe","Fernando Henrique Cardoso","PSDB","PSDB PFL PTB",270984,0.43,"Presidente",1994,"Turno 1","SE","SE"
"97","Bahia","Fernando Henrique Cardoso","PSDB","PSDB PFL PTB",1951179,3.08,"Presidente",1994,"Turno 1","BA","BA"
"98","Minas Gerais","Fernando Henrique Cardoso","PSDB","PSDB PFL PTB",4536780,7.17,"Presidente",1994,"Turno 1","MG","MG"
"99","Espírito Santo","Fernando Henrique Cardoso","PSDB","PSDB PFL PTB",714958,1.13,"Presidente",1994,"Turno 1","ES","ES"
"100","Rio de Janeiro","Fernando Henrique Cardoso","PSDB","PSDB PFL PTB",3102664,4.9,"Presidente",1994,"Turno 1","RJ","RJ"
"101","São Paulo","Fernando Henrique Cardoso","PSDB","PSDB PFL PTB",8679287,13.71,"Presidente",1994,"Turno 1","SP","SP"
"102","Paraná","Fernando Henrique Cardoso","PSDB","PSDB PFL PTB",2382093,3.76,"Presidente",1994,"Turno 1","PR","PR"
"103","Santa Catarina","Fernando Henrique Cardoso","PSDB","PSDB PFL PTB",789001,1.25,"Presidente",1994,"Turno 1","SC","SC"
"104","R. G. do Sul","Fernando Henrique Cardoso","PSDB","PSDB PFL PTB",1422390,2.25,"Presidente",1994,"Turno 1","RS","RS"
"105","M. G. do Sul","Fernando Henrique Cardoso","PSDB","PSDB PFL PTB",512527,0.81,"Presidente",1994,"Turno 1","MS","MS"
"106","Mato Grosso","Fernando Henrique Cardoso","PSDB","PSDB PFL PTB",495956,0.78,"Presidente",1994,"Turno 1","MT","MT"
"107","Goiás","Fernando Henrique Cardoso","PSDB","PSDB PFL PTB",1171550,1.85,"Presidente",1994,"Turno 1","GO","GO"
"108","Distrito Federal","Fernando Henrique Cardoso","PSDB","PSDB PFL PTB",315106,0.5,"Presidente",1994,"Turno 1","DF","DF"
"109","Rondônia","Luiz Inácio Lula da Silva","PT","PT PPS PV PSTU",89838,0.14,"Presidente",1994,"Turno 1","RO","RO"
"110","Acre","Luiz Inácio Lula da Silva","PT","PT PPS PV PSTU",39656,0.06,"Presidente",1994,"Turno 1","AC","AC"
"111","Amazonas","Luiz Inácio Lula da Silva","PT","PT PPS PV PSTU",161390,0.26,"Presidente",1994,"Turno 1","AM","AM"
"112","Roraima","Luiz Inácio Lula da Silva","PT","PT PPS PV PSTU",11575,0.02,"Presidente",1994,"Turno 1","RR","RR"
"113","Pará","Luiz Inácio Lula da Silva","PT","PT PPS PV PSTU",453794,0.72,"Presidente",1994,"Turno 1","PA","PA"
"114","Amapá","Luiz Inácio Lula da Silva","PT","PT PPS PV PSTU",34623,0.05,"Presidente",1994,"Turno 1","AP","AP"
"115","Tocantins","Luiz Inácio Lula da Silva","PT","PT PPS PV PSTU",54989,0.09,"Presidente",1994,"Turno 1","TO","TO"
"116","Maranhão","Luiz Inácio Lula da Silva","PT","PT PPS PV PSTU",292057,0.46,"Presidente",1994,"Turno 1","MA","MA"
"117","Piauí","Luiz Inácio Lula da Silva","PT","PT PPS PV PSTU",296077,0.47,"Presidente",1994,"Turno 1","PI","PI"
"118","Ceará","Luiz Inácio Lula da Silva","PT","PT PPS PV PSTU",669425,1.06,"Presidente",1994,"Turno 1","CE","CE"
"119","R. G. do Norte","Luiz Inácio Lula da Silva","PT","PT PPS PV PSTU",227252,0.36,"Presidente",1994,"Turno 1","RN","RN"
"120","Paraíba","Luiz Inácio Lula da Silva","PT","PT PPS PV PSTU",311142,0.49,"Presidente",1994,"Turno 1","PB","PB"
"121","Pernambuco","Luiz Inácio Lula da Silva","PT","PT PPS PV PSTU",949865,1.5,"Presidente",1994,"Turno 1","PE","PE"
"122","Alagoas","Luiz Inácio Lula da Silva","PT","PT PPS PV PSTU",84929,0.13,"Presidente",1994,"Turno 1","AL","AL"
"123","Sergipe","Luiz Inácio Lula da Silva","PT","PT PPS PV PSTU",211320,0.33,"Presidente",1994,"Turno 1","SE","SE"
"124","Bahia","Luiz Inácio Lula da Silva","PT","PT PPS PV PSTU",1310823,2.07,"Presidente",1994,"Turno 1","BA","BA"
"125","Minas Gerais","Luiz Inácio Lula da Silva","PT","PT PPS PV PSTU",1532740,2.42,"Presidente",1994,"Turno 1","MG","MG"
"126","Espírito Santo","Luiz Inácio Lula da Silva","PT","PT PPS PV PSTU",331798,0.52,"Presidente",1994,"Turno 1","ES","ES"
"127","Rio de Janeiro","Luiz Inácio Lula da Silva","PT","PT PPS PV PSTU",1689772,2.67,"Presidente",1994,"Turno 1","RJ","RJ"
"128","São Paulo","Luiz Inácio Lula da Silva","PT","PT PPS PV PSTU",4205530,6.65,"Presidente",1994,"Turno 1","SP","SP"
"129","Paraná","Luiz Inácio Lula da Silva","PT","PT PPS PV PSTU",898231,1.42,"Presidente",1994,"Turno 1","PR","PR"
"130","Santa Catarina","Luiz Inácio Lula da Silva","PT","PT PPS PV PSTU",630999,1,"Presidente",1994,"Turno 1","SC","SC"
"131","R. G. do Sul","Luiz Inácio Lula da Silva","PT","PT PPS PV PSTU",1610379,2.54,"Presidente",1994,"Turno 1","RS","RS"
"132","M. G. do Sul","Luiz Inácio Lula da Silva","PT","PT PPS PV PSTU",179296,0.28,"Presidente",1994,"Turno 1","MS","MS"
"133","Mato Grosso","Luiz Inácio Lula da Silva","PT","PT PPS PV PSTU",147307,0.23,"Presidente",1994,"Turno 1","MT","MT"
"134","Goiás","Luiz Inácio Lula da Silva","PT","PT PPS PV PSTU",322907,0.51,"Presidente",1994,"Turno 1","GO","GO"
"135","Distrito Federal","Luiz Inácio Lula da Silva","PT","PT PPS PV PSTU",364541,0.58,"Presidente",1994,"Turno 1","DF","DF"
"136","Rondônia","Fernando Henrique Cardoso","PSDB","PSDB PFL PPB PTB PSD",323743,0.48,"Presidente",1998,"Turno 1","RO","RO"
"137","Acre","Fernando Henrique Cardoso","PSDB","PSDB PFL PPB PTB PSD",90363,0.13,"Presidente",1998,"Turno 1","AC","AC"
"138","Amazonas","Fernando Henrique Cardoso","PSDB","PSDB PFL PPB PTB PSD",452076,0.67,"Presidente",1998,"Turno 1","AM","AM"
"139","Roraima","Fernando Henrique Cardoso","PSDB","PSDB PFL PPB PTB PSD",71768,0.11,"Presidente",1998,"Turno 1","RR","RR"
"140","Pará","Fernando Henrique Cardoso","PSDB","PSDB PFL PPB PTB PSD",1020868,1.51,"Presidente",1998,"Turno 1","PA","PA"
"141","Amapá","Fernando Henrique Cardoso","PSDB","PSDB PFL PPB PTB PSD",68277,0.1,"Presidente",1998,"Turno 1","AP","AP"
"142","Tocantins","Fernando Henrique Cardoso","PSDB","PSDB PFL PPB PTB PSD",265393,0.39,"Presidente",1998,"Turno 1","TO","TO"
"143","Maranhão","Fernando Henrique Cardoso","PSDB","PSDB PFL PPB PTB PSD",736042,1.09,"Presidente",1998,"Turno 1","MA","MA"
"144","Piauí","Fernando Henrique Cardoso","PSDB","PSDB PFL PPB PTB PSD",482649,0.71,"Presidente",1998,"Turno 1","PI","PI"
"145","Ceará","Fernando Henrique Cardoso","PSDB","PSDB PFL PPB PTB PSD",804969,1.19,"Presidente",1998,"Turno 1","CE","CE"
"146","R. G. do Norte","Fernando Henrique Cardoso","PSDB","PSDB PFL PPB PTB PSD",525842,0.78,"Presidente",1998,"Turno 1","RN","RN"
"147","Paraíba","Fernando Henrique Cardoso","PSDB","PSDB PFL PPB PTB PSD",541067,0.8,"Presidente",1998,"Turno 1","PB","PB"
"148","Pernambuco","Fernando Henrique Cardoso","PSDB","PSDB PFL PPB PTB PSD",1637394,2.42,"Presidente",1998,"Turno 1","PE","PE"
"149","Alagoas","Fernando Henrique Cardoso","PSDB","PSDB PFL PPB PTB PSD",394873,0.58,"Presidente",1998,"Turno 1","AL","AL"
"150","Sergipe","Fernando Henrique Cardoso","PSDB","PSDB PFL PPB PTB PSD",297243,0.44,"Presidente",1998,"Turno 1","SE","SE"
"151","Bahia","Fernando Henrique Cardoso","PSDB","PSDB PFL PPB PTB PSD",1977801,2.92,"Presidente",1998,"Turno 1","BA","BA"
"152","Minas Gerais","Fernando Henrique Cardoso","PSDB","PSDB PFL PPB PTB PSD",4225240,6.24,"Presidente",1998,"Turno 1","MG","MG"
"153","Espírito Santo","Fernando Henrique Cardoso","PSDB","PSDB PFL PPB PTB PSD",814535,1.2,"Presidente",1998,"Turno 1","ES","ES"
"154","Rio de Janeiro","Fernando Henrique Cardoso","PSDB","PSDB PFL PPB PTB PSD",2848277,4.21,"Presidente",1998,"Turno 1","RJ","RJ"
"155","São Paulo","Fernando Henrique Cardoso","PSDB","PSDB PFL PPB PTB PSD",9736728,14.38,"Presidente",1998,"Turno 1","SP","SP"
"156","Paraná","Fernando Henrique Cardoso","PSDB","PSDB PFL PPB PTB PSD",2492531,3.68,"Presidente",1998,"Turno 1","PR","PR"
"157","Santa Catarina","Fernando Henrique Cardoso","PSDB","PSDB PFL PPB PTB PSD",1255253,1.85,"Presidente",1998,"Turno 1","SC","SC"
"158","R. G. do Sul","Fernando Henrique Cardoso","PSDB","PSDB PFL PPB PTB PSD",2036805,3.01,"Presidente",1998,"Turno 1",NA,NA
"159","M. G. do Sul","Fernando Henrique Cardoso","PSDB","PSDB PFL PPB PTB PSD",520471,0.77,"Presidente",1998,"Turno 1",NA,NA
"160","Mato Grosso","Fernando Henrique Cardoso","PSDB","PSDB PFL PPB PTB PSD",663773,0.98,"Presidente",1998,"Turno 1","MT","MT"
"161","Goiás","Fernando Henrique Cardoso","PSDB","PSDB PFL PPB PTB PSD",1247510,1.84,"Presidente",1998,"Turno 1","GO","GO"
"162","Distrito Federal","Fernando Henrique Cardoso","PSDB","PSDB PFL PPB PTB PSD",391201,0.58,"Presidente",1998,"Turno 1","DF","DF"
"163","Rondônia","Luiz Inácio Lula da Silva","PT","PT PDT PSB PCdoB",103927,0.15,"Presidente",1998,"Turno 1","RO","RO"
"164","Acre","Luiz Inácio Lula da Silva","PT","PT PDT PSB PCdoB",59690,0.09,"Presidente",1998,"Turno 1","AC","AC"
"165","Amazonas","Luiz Inácio Lula da Silva","PT","PT PDT PSB PCdoB",211507,0.31,"Presidente",1998,"Turno 1","AM","AM"
"166","Roraima","Luiz Inácio Lula da Silva","PT","PT PDT PSB PCdoB",20601,0.03,"Presidente",1998,"Turno 1","RR","RR"
"167","Pará","Luiz Inácio Lula da Silva","PT","PT PDT PSB PCdoB",530722,0.78,"Presidente",1998,"Turno 1","PA","PA"
"168","Amapá","Luiz Inácio Lula da Silva","PT","PT PDT PSB PCdoB",62394,0.09,"Presidente",1998,"Turno 1","AP","AP"
"169","Tocantins","Luiz Inácio Lula da Silva","PT","PT PDT PSB PCdoB",66607,0.1,"Presidente",1998,"Turno 1","TO","TO"
"170","Maranhão","Luiz Inácio Lula da Silva","PT","PT PDT PSB PCdoB",444912,0.66,"Presidente",1998,"Turno 1","MA","MA"
"171","Piauí","Luiz Inácio Lula da Silva","PT","PT PDT PSB PCdoB",270465,0.4,"Presidente",1998,"Turno 1","PI","PI"
"172","Ceará","Luiz Inácio Lula da Silva","PT","PT PDT PSB PCdoB",872290,1.29,"Presidente",1998,"Turno 1","CE","CE"
"173","R. G. do Norte","Luiz Inácio Lula da Silva","PT","PT PDT PSB PCdoB",267883,0.4,"Presidente",1998,"Turno 1","RN","RN"
"174","Paraíba","Luiz Inácio Lula da Silva","PT","PT PDT PSB PCdoB",402293,0.59,"Presidente",1998,"Turno 1","PB","PB"
"175","Pernambuco","Luiz Inácio Lula da Silva","PT","PT PDT PSB PCdoB",890971,1.32,"Presidente",1998,"Turno 1","PE","PE"
"176","Alagoas","Luiz Inácio Lula da Silva","PT","PT PDT PSB PCdoB",161584,0.24,"Presidente",1998,"Turno 1","AL","AL"
"177","Sergipe","Luiz Inácio Lula da Silva","PT","PT PDT PSB PCdoB",221565,0.33,"Presidente",1998,"Turno 1","SE","SE"
"178","Bahia","Luiz Inácio Lula da Silva","PT","PT PDT PSB PCdoB",1372797,2.03,"Presidente",1998,"Turno 1","BA","BA"
"179","Minas Gerais","Luiz Inácio Lula da Silva","PT","PT PDT PSB PCdoB",2129100,3.14,"Presidente",1998,"Turno 1","MG","MG"
"180","Espírito Santo","Luiz Inácio Lula da Silva","PT","PT PDT PSB PCdoB",263636,0.39,"Presidente",1998,"Turno 1","ES","ES"
"181","Rio de Janeiro","Luiz Inácio Lula da Silva","PT","PT PDT PSB PCdoB",2851274,4.21,"Presidente",1998,"Turno 1","RJ","RJ"
"182","São Paulo","Luiz Inácio Lula da Silva","PT","PT PDT PSB PCdoB",4688677,6.93,"Presidente",1998,"Turno 1","SP","SP"
"183","Paraná","Luiz Inácio Lula da Silva","PT","PT PDT PSB PCdoB",1168853,1.73,"Presidente",1998,"Turno 1","PR","PR"
"184","Santa Catarina","Luiz Inácio Lula da Silva","PT","PT PDT PSB PCdoB",929698,1.37,"Presidente",1998,"Turno 1","SC","SC"
"185","R. G. do Sul","Luiz Inácio Lula da Silva","PT","PT PDT PSB PCdoB",2460551,3.63,"Presidente",1998,"Turno 1",NA,NA
"186","M. G. do Sul","Luiz Inácio Lula da Silva","PT","PT PDT PSB PCdoB",210120,0.31,"Presidente",1998,"Turno 1",NA,NA
"187","Mato Grosso","Luiz Inácio Lula da Silva","PT","PT PDT PSB PCdoB",149462,0.22,"Presidente",1998,"Turno 1","MT","MT"
"188","Goiás","Luiz Inácio Lula da Silva","PT","PT PDT PSB PCdoB",371175,0.55,"Presidente",1998,"Turno 1","GO","GO"
"189","Distrito Federal","Luiz Inácio Lula da Silva","PT","PT PDT PSB PCdoB",287579,0.42,"Presidente",1998,"Turno 1","DF","DF"
"190","Rondônia","Luiz Inácio Lula da Silva","PT","PT PCB PL PMN PCdoB",283279,0.33,"Presidente",2002,"Turno 1","RO","RO"
"191","Acre","Luiz Inácio Lula da Silva","PT","PT PCB PL PMN PCdoB",123999,0.15,"Presidente",2002,"Turno 1","AC","AC"
"192","Amazonas","Luiz Inácio Lula da Silva","PT","PT PCB PL PMN PCdoB",530246,0.63,"Presidente",2002,"Turno 1","AM","AM"
"193","Roraima","Luiz Inácio Lula da Silva","PT","PT PCB PL PMN PCdoB",71952,0.08,"Presidente",2002,"Turno 1","RR","RR"
"194","Pará","Luiz Inácio Lula da Silva","PT","PT PCB PL PMN PCdoB",1070416,1.26,"Presidente",2002,"Turno 1","PA","PA"
"195","Amapá","Luiz Inácio Lula da Silva","PT","PT PCB PL PMN PCdoB",116507,0.14,"Presidente",2002,"Turno 1","AP","AP"
"196","Tocantins","Luiz Inácio Lula da Silva","PT","PT PCB PL PMN PCdoB",225291,0.27,"Presidente",2002,"Turno 1","TO","TO"
"197","Maranhão","Luiz Inácio Lula da Silva","PT","PT PCB PL PMN PCdoB",843132,0.99,"Presidente",2002,"Turno 1","MA","MA"
"198","Piauí","Luiz Inácio Lula da Silva","PT","PT PCB PL PMN PCdoB",615576,0.73,"Presidente",2002,"Turno 1","PI","PI"
"199","Ceará","Luiz Inácio Lula da Silva","PT","PT PCB PL PMN PCdoB",1353339,1.6,"Presidente",2002,"Turno 1","CE","CE"
"200","R. G. do Norte","Luiz Inácio Lula da Silva","PT","PT PCB PL PMN PCdoB",581544,0.69,"Presidente",2002,"Turno 1","RN","RN"
"201","Paraíba","Luiz Inácio Lula da Silva","PT","PT PCB PL PMN PCdoB",754329,0.89,"Presidente",2002,"Turno 1","PB","PB"
"202","Pernambuco","Luiz Inácio Lula da Silva","PT","PT PCB PL PMN PCdoB",1657476,1.95,"Presidente",2002,"Turno 1","PE","PE"
"203","Alagoas","Luiz Inácio Lula da Silva","PT","PT PCB PL PMN PCdoB",307751,0.36,"Presidente",2002,"Turno 1","AL","AL"
"204","Sergipe","Luiz Inácio Lula da Silva","PT","PT PCB PL PMN PCdoB",357557,0.42,"Presidente",2002,"Turno 1","SE","SE"
"205","Bahia","Luiz Inácio Lula da Silva","PT","PT PCB PL PMN PCdoB",2899280,3.42,"Presidente",2002,"Turno 1","BA","BA"
"206","Minas Gerais","Luiz Inácio Lula da Silva","PT","PT PCB PL PMN PCdoB",4990085,5.89,"Presidente",2002,"Turno 1","MG","MG"
"207","Espírito Santo","Luiz Inácio Lula da Silva","PT","PT PCB PL PMN PCdoB",717646,0.85,"Presidente",2002,"Turno 1","ES","ES"
"208","Rio de Janeiro","Luiz Inácio Lula da Silva","PT","PT PCB PL PMN PCdoB",3284258,3.87,"Presidente",2002,"Turno 1","RJ","RJ"
"209","São Paulo","Luiz Inácio Lula da Silva","PT","PT PCB PL PMN PCdoB",9106914,10.74,"Presidente",2002,"Turno 1","SP","SP"
"210","Paraná","Luiz Inácio Lula da Silva","PT","PT PCB PL PMN PCdoB",2540328,3,"Presidente",2002,"Turno 1","PR","PR"
"211","Santa Catarina","Luiz Inácio Lula da Silva","PT","PT PCB PL PMN PCdoB",1719739,2.03,"Presidente",2002,"Turno 1","SC","SC"
"212","R. G. do Sul","Luiz Inácio Lula da Silva","PT","PT PCB PL PMN PCdoB",2667451,3.15,"Presidente",2002,"Turno 1",NA,NA
"213","M. G. do Sul","Luiz Inácio Lula da Silva","PT","PT PCB PL PMN PCdoB",446438,0.53,"Presidente",2002,"Turno 1",NA,NA
"214","Mato Grosso","Luiz Inácio Lula da Silva","PT","PT PCB PL PMN PCdoB",509151,0.6,"Presidente",2002,"Turno 1","MT","MT"
"215","Goiás","Luiz Inácio Lula da Silva","PT","PT PCB PL PMN PCdoB",1069398,1.26,"Presidente",2002,"Turno 1","GO","GO"
"216","Distrito Federal","Luiz Inácio Lula da Silva","PT","PT PCB PL PMN PCdoB",592977,0.7,"Presidente",2002,"Turno 1","DF","DF"
"217","Acre","José Serra ","PSDB","PSDB PMDB",50250,0.06,"Presidente",2002,"Turno 1","AC","AC"
"218","Amazonas","José Serra ","PSDB","PSDB PMDB",166145,0.2,"Presidente",2002,"Turno 1","AM","AM"
"219","Roraima","José Serra ","PSDB","PSDB PMDB",19195,0.02,"Presidente",2002,"Turno 1","RR","RR"
"220","Pará","José Serra ","PSDB","PSDB PMDB",673488,0.79,"Presidente",2002,"Turno 1","PA","PA"
"221","Amapá","José Serra ","PSDB","PSDB PMDB",20537,0.02,"Presidente",2002,"Turno 1","AP","AP"
"222","Tocantins","José Serra ","PSDB","PSDB PMDB",177547,0.21,"Presidente",2002,"Turno 1","TO","TO"
"223","Maranhão","José Serra ","PSDB","PSDB PMDB",248621,0.29,"Presidente",2002,"Turno 1","MA","MA"
"224","Piauí","José Serra ","PSDB","PSDB PMDB",358229,0.42,"Presidente",2002,"Turno 1","PI","PI"
"225","Ceará","José Serra ","PSDB","PSDB PMDB",293425,0.35,"Presidente",2002,"Turno 1","CE","CE"
"226","R. G. do Norte","José Serra ","PSDB","PSDB PMDB",296856,0.35,"Presidente",2002,"Turno 1","RN","RN"
"227","Paraíba","José Serra ","PSDB","PSDB PMDB",466346,0.55,"Presidente",2002,"Turno 1","PB","PB"
"228","Pernambuco","José Serra ","PSDB","PSDB PMDB",1015496,1.2,"Presidente",2002,"Turno 1","PE","PE"
"229","Alagoas","José Serra ","PSDB","PSDB PMDB",314739,0.37,"Presidente",2002,"Turno 1","AL","AL"
"230","Sergipe","José Serra ","PSDB","PSDB PMDB",160348,0.19,"Presidente",2002,"Turno 1","SE","SE"
"231","Bahia","José Serra ","PSDB","PSDB PMDB",884291,1.04,"Presidente",2002,"Turno 1","BA","BA"
"232","Minas Gerais","José Serra ","PSDB","PSDB PMDB",2151597,2.54,"Presidente",2002,"Turno 1","MG","MG"
"233","Espírito Santo","José Serra ","PSDB","PSDB PMDB",334697,0.39,"Presidente",2002,"Turno 1","ES","ES"
"234","Rio de Janeiro","José Serra ","PSDB","PSDB PMDB",721081,0.85,"Presidente",2002,"Turno 1","RJ","RJ"
"235","São Paulo","José Serra ","PSDB","PSDB PMDB",5633365,6.64,"Presidente",2002,"Turno 1","SP","SP"
"236","Paraná","José Serra ","PSDB","PSDB PMDB",1367384,1.61,"Presidente",2002,"Turno 1","PR","PR"
"237","Santa Catarina","José Serra ","PSDB","PSDB PMDB",707239,0.83,"Presidente",2002,"Turno 1","SC","SC"
"238","R. G. do Sul","José Serra ","PSDB","PSDB PMDB",1913186,2.26,"Presidente",2002,"Turno 1",NA,NA
"239","M. G. do Sul","José Serra ","PSDB","PSDB PMDB",308905,0.36,"Presidente",2002,"Turno 1",NA,NA
"240","Mato Grosso","José Serra ","PSDB","PSDB PMDB",372068,0.44,"Presidente",2002,"Turno 1","MT","MT"
"241","Goiás","José Serra ","PSDB","PSDB PMDB",709025,0.84,"Presidente",2002,"Turno 1","GO","GO"
"242","Distrito Federal","José Serra ","PSDB","PSDB PMDB",202410,0.24,"Presidente",2002,"Turno 1","DF","DF"
"243","Rondônia","Lula","PT","PT",334264,0.39,"Presidente",2002,"Turno 2","RO","RO"
"244","Acre","Lula","PT","PT",140363,0.16,"Presidente",2002,"Turno 2","AC","AC"
"245","Amazonas","Lula","PT","PT",722034,0.84,"Presidente",2002,"Turno 2","AM","AM"
"246","Roraima","Lula","PT","PT",104087,0.12,"Presidente",2002,"Turno 2","RR","RR"
"247","Pará","Lula","PT","PT",1317472,1.53,"Presidente",2002,"Turno 2","PA","PA"
"248","Amapá","Lula","PT","PT",171850,0.2,"Presidente",2002,"Turno 2","AP","AP"
"249","Tocantins","Lula","PT","PT",288405,0.33,"Presidente",2002,"Turno 2","TO","TO"
"250","Maranhão","Lula","PT","PT",1229559,1.43,"Presidente",2002,"Turno 2","MA","MA"
"251","Piauí","Lula","PT","PT",824412,0.96,"Presidente",2002,"Turno 2","PI","PI"
"252","Ceará","Lula","PT","PT",2497143,2.9,"Presidente",2002,"Turno 2","CE","CE"
"253","R. G. do Norte","Lula","PT","PT",781947,0.91,"Presidente",2002,"Turno 2","RN","RN"
"254","Paraíba","Lula","PT","PT",984944,1.14,"Presidente",2002,"Turno 2","PB","PB"
"255","Pernambuco","Lula","PT","PT",2198673,2.55,"Presidente",2002,"Turno 2","PE","PE"
"256","Alagoas","Lula","PT","PT",477009,0.55,"Presidente",2002,"Turno 2","AL","AL"
"257","Sergipe","Lula","PT","PT",490989,0.57,"Presidente",2002,"Turno 2","SE","SE"
"258","Bahia","Lula","PT","PT",3710900,4.31,"Presidente",2002,"Turno 2","BA","BA"
"259","Minas Gerais","Lula","PT","PT",6384690,7.41,"Presidente",2002,"Turno 2","MG","MG"
"260","Espírito Santo","Lula","PT","PT",944172,1.1,"Presidente",2002,"Turno 2","ES","ES"
"261","Rio de Janeiro","Lula","PT","PT",6318104,7.34,"Presidente",2002,"Turno 2","RJ","RJ"
"262","São Paulo","Lula","PT","PT",11264282,13.08,"Presidente",2002,"Turno 2","SP","SP"
"263","Paraná","Lula","PT","PT",2929427,3.4,"Presidente",2002,"Turno 2","PR","PR"
"264","Santa Catarina","Lula","PT","PT",1914684,2.22,"Presidente",2002,"Turno 2","SC","SC"
"265","R. G. do Sul","Lula","PT","PT",3297354,3.83,"Presidente",2002,"Turno 2","RS","RS"
"266","M. G. do Sul","Lula","PT","PT",593939,0.69,"Presidente",2002,"Turno 2","MS","MS"
"267","Mato Grosso","Lula","PT","PT",649100,0.75,"Presidente",2002,"Turno 2","MT","MT"
"268","Goiás","Lula","PT","PT",1424236,1.65,"Presidente",2002,"Turno 2","GO","GO"
"269","Distrito Federal","Lula","PT","PT",777708,0.9,"Presidente",2002,"Turno 2","DF","DF"
"270","Rondônia","José Serra","PSDB","PSDB",267320,0.31,"Presidente",2002,"Turno 2","RO","RO"
"271","Acre","José Serra","PSDB","PSDB",93803,0.11,"Presidente",2002,"Turno 2","AC","AC"
"272","Amazonas","José Serra","PSDB","PSDB",311175,0.36,"Presidente",2002,"Turno 2","AM","AM"
"273","Roraima","José Serra","PSDB","PSDB",54692,0.06,"Presidente",2002,"Turno 2","RR","RR"
"274","Pará","José Serra","PSDB","PSDB",1184624,1.38,"Presidente",2002,"Turno 2","PA","PA"
"275","Amapá","José Serra","PSDB","PSDB",55723,0.06,"Presidente",2002,"Turno 2","AP","AP"
"276","Tocantins","José Serra","PSDB","PSDB",245349,0.28,"Presidente",2002,"Turno 2","TO","TO"
"277","Maranhão","José Serra","PSDB","PSDB",872880,1.01,"Presidente",2002,"Turno 2","MA","MA"
"278","Piauí","José Serra","PSDB","PSDB",532715,0.62,"Presidente",2002,"Turno 2","PI","PI"
"279","Ceará","José Serra","PSDB","PSDB",981609,1.14,"Presidente",2002,"Turno 2","CE","CE"
"280","R. G. do Norte","José Serra","PSDB","PSDB",551628,0.64,"Presidente",2002,"Turno 2","RN","RN"
"281","Paraíba","José Serra","PSDB","PSDB",742486,0.86,"Presidente",2002,"Turno 2","PB","PB"
"282","Pernambuco","José Serra","PSDB","PSDB",1654132,1.92,"Presidente",2002,"Turno 2","PE","PE"
"283","Alagoas","José Serra","PSDB","PSDB",616902,0.72,"Presidente",2002,"Turno 2","AL","AL"
"284","Sergipe","José Serra","PSDB","PSDB",362923,0.42,"Presidente",2002,"Turno 2","SE","SE"
"285","Bahia","José Serra","PSDB","PSDB",1937780,2.25,"Presidente",2002,"Turno 2","BA","BA"
"286","Minas Gerais","José Serra","PSDB","PSDB",3223960,3.74,"Presidente",2002,"Turno 2","MG","MG"
"287","Espírito Santo","José Serra","PSDB","PSDB",646494,0.75,"Presidente",2002,"Turno 2","ES","ES"
"288","Rio de Janeiro","José Serra","PSDB","PSDB",1682472,1.95,"Presidente",2002,"Turno 2","RJ","RJ"
"289","São Paulo","José Serra","PSDB","PSDB",9073187,10.53,"Presidente",2002,"Turno 2","SP","SP"
"290","Paraná","José Serra","PSDB","PSDB",2017198,2.34,"Presidente",2002,"Turno 2","PR","PR"
"291","Santa Catarina","José Serra","PSDB","PSDB",1070502,1.24,"Presidente",2002,"Turno 2","SC","SC"
"292","R. G. do Sul","José Serra","PSDB","PSDB",2608109,3.03,"Presidente",2002,"Turno 2","RS","RS"
"293","M. G. do Sul","José Serra","PSDB","PSDB",483196,0.56,"Presidente",2002,"Turno 2","MS","MS"
"294","Mato Grosso","José Serra","PSDB","PSDB",542695,0.63,"Presidente",2002,"Turno 2","MT","MT"
"295","Goiás","José Serra","PSDB","PSDB",1071070,1.24,"Presidente",2002,"Turno 2","GO","GO"
"296","Distrito Federal","José Serra","PSDB","PSDB",471485,0.55,"Presidente",2002,"Turno 2","DF","DF"
"297","Rondônia"," Luiz Inácio Lula da Silva","PT","PT PRB PCdoB",329598,0.34,"Presidente",2006,"Turno 1","RO","RO"
"298","Acre"," Luiz Inácio Lula da Silva","PT","PT PRB PCdoB",133221,0.14,"Presidente",2006,"Turno 1","AC","AC"
"299","Amazonas"," Luiz Inácio Lula da Silva","PT","PT PRB PCdoB",1070656,1.12,"Presidente",2006,"Turno 1","AM","AM"
"300","Roraima"," Luiz Inácio Lula da Silva","PT","PT PRB PCdoB",49433,0.05,"Presidente",2006,"Turno 1","RR","RR"
"301","Pará"," Luiz Inácio Lula da Silva","PT","PT PRB PCdoB",1631569,1.7,"Presidente",2006,"Turno 1","PA","PA"
"302","Amapá"," Luiz Inácio Lula da Silva","PT","PT PRB PCdoB",160675,0.17,"Presidente",2006,"Turno 1","AP","AP"
"303","Tocantins"," Luiz Inácio Lula da Silva","PT","PT PRB PCdoB",392151,0.41,"Presidente",2006,"Turno 1","TO","TO"
"304","Maranhão"," Luiz Inácio Lula da Silva","PT","PT PRB PCdoB",2128103,2.22,"Presidente",2006,"Turno 1","MA","MA"
"305","Piauí"," Luiz Inácio Lula da Silva","PT","PT PRB PCdoB",1055600,1.1,"Presidente",2006,"Turno 1","PI","PI"
"306","Ceará"," Luiz Inácio Lula da Silva","PT","PT PRB PCdoB",2852895,2.97,"Presidente",2006,"Turno 1","CE","CE"
"307","R. G. do Norte"," Luiz Inácio Lula da Silva","PT","PT PRB PCdoB",952796,0.99,"Presidente",2006,"Turno 1","RN","RN"
"308","Paraíba"," Luiz Inácio Lula da Silva","PT","PT PRB PCdoB",1258341,1.31,"Presidente",2006,"Turno 1","PB","PB"
"309","Pernambuco"," Luiz Inácio Lula da Silva","PT","PT PRB PCdoB",2993618,3.12,"Presidente",2006,"Turno 1","PE","PE"
"310","Alagoas"," Luiz Inácio Lula da Silva","PT","PT PRB PCdoB",625162,0.65,"Presidente",2006,"Turno 1","AL","AL"
"311","Sergipe"," Luiz Inácio Lula da Silva","PT","PT PRB PCdoB",476399,0.5,"Presidente",2006,"Turno 1","SE","SE"
"312","Bahia"," Luiz Inácio Lula da Silva","PT","PT PRB PCdoB",4293200,4.47,"Presidente",2006,"Turno 1","BA","BA"
"313","Minas Gerais"," Luiz Inácio Lula da Silva","PT","PT PRB PCdoB",5192439,5.41,"Presidente",2006,"Turno 1","MG","MG"
"314","Espírito Santo"," Luiz Inácio Lula da Silva","PT","PT PRB PCdoB",953609,0.99,"Presidente",2006,"Turno 1","ES","ES"
"315","Rio de Janeiro"," Luiz Inácio Lula da Silva","PT","PT PRB PCdoB",4092648,4.26,"Presidente",2006,"Turno 1","RJ","RJ"
"316","São Paulo"," Luiz Inácio Lula da Silva","PT","PT PRB PCdoB",8091867,8.43,"Presidente",2006,"Turno 1","SP","SP"
"317","Paraná"," Luiz Inácio Lula da Silva","PT","PT PRB PCdoB",2111589,2.2,"Presidente",2006,"Turno 1","PR","PR"
"318","Santa Catarina"," Luiz Inácio Lula da Silva","PT","PT PRB PCdoB",1108851,1.16,"Presidente",2006,"Turno 1","SC","SC"
"319","R. G. do Sul"," Luiz Inácio Lula da Silva","PT","PT PRB PCdoB",2052656,2.14,"Presidente",2006,"Turno 1","RS","RS"
"320","Mato Grosso"," Luiz Inácio Lula da Silva","PT","PT PRB PCdoB",557244,0.58,"Presidente",2006,"Turno 1","MT","MT"
"321","M. G. do Sul"," Luiz Inácio Lula da Silva","PT","PT PRB PCdoB",439965,0.46,"Presidente",2006,"Turno 1","MS","MS"
"322","Goiás"," Luiz Inácio Lula da Silva","PT","PT PRB PCdoB",1143122,1.19,"Presidente",2006,"Turno 1","GO","GO"
"323","Distrito Federal"," Luiz Inácio Lula da Silva","PT","PT PRB PCdoB",499407,0.52,"Presidente",2006,"Turno 1","DF","DF"
"324","Rondônia","Geraldo Alckmin","PSDB","PSDB PFL",344096,0.36,"Presidente",2006,"Turno 1","RO","RO"
"325","Acre","Geraldo Alckmin","PSDB","PSDB PFL",161889,0.17,"Presidente",2006,"Turno 1","AC","AC"
"326","Amazonas","Geraldo Alckmin","PSDB","PSDB PFL",170785,0.18,"Presidente",2006,"Turno 1","AM","AM"
"327","Roraima","Geraldo Alckmin","PSDB","PSDB PFL",112908,0.12,"Presidente",2006,"Turno 1","RR","RR"
"328","Pará","Geraldo Alckmin","PSDB","PSDB PFL",1310437,1.37,"Presidente",2006,"Turno 1","PA","PA"
"329","Amapá","Geraldo Alckmin","PSDB","PSDB PFL",95070,0.1,"Presidente",2006,"Turno 1","AP","AP"
"330","Tocantins","Geraldo Alckmin","PSDB","PSDB PFL",249544,0.26,"Presidente",2006,"Turno 1","TO","TO"
"331","Maranhão","Geraldo Alckmin","PSDB","PSDB PFL",530164,0.55,"Presidente",2006,"Turno 1","MA","MA"
"332","Piauí","Geraldo Alckmin","PSDB","PSDB PFL",440063,0.46,"Presidente",2006,"Turno 1","PI","PI"
"333","Ceará","Geraldo Alckmin","PSDB","PSDB PFL",912726,0.95,"Presidente",2006,"Turno 1","CE","CE"
"334","R. G. do Norte","Geraldo Alckmin","PSDB","PSDB PFL",499934,0.52,"Presidente",2006,"Turno 1","RN","RN"
"335","Paraíba","Geraldo Alckmin","PSDB","PSDB PFL",537042,0.56,"Presidente",2006,"Turno 1","PB","PB"
"336","Pernambuco","Geraldo Alckmin","PSDB","PSDB PFL",964730,1.01,"Presidente",2006,"Turno 1","PE","PE"
"337","Alagoas","Geraldo Alckmin","PSDB","PSDB PFL",506722,0.53,"Presidente",2006,"Turno 1","AL","AL"
"338","Sergipe","Geraldo Alckmin","PSDB","PSDB PFL",446454,0.47,"Presidente",2006,"Turno 1","SE","SE"
"339","Bahia","Geraldo Alckmin","PSDB","PSDB PFL",1676484,1.75,"Presidente",2006,"Turno 1","BA","BA"
"340","Minas Gerais","Geraldo Alckmin","PSDB","PSDB PFL",4151507,4.33,"Presidente",2006,"Turno 1","MG","MG"
"341","Espírito Santo","Geraldo Alckmin","PSDB","PSDB PFL",668792,0.7,"Presidente",2006,"Turno 1","ES","ES"
"342","Rio de Janeiro","Geraldo Alckmin","PSDB","PSDB PFL",2402076,2.5,"Presidente",2006,"Turno 1","RJ","RJ"
"343","São Paulo","Geraldo Alckmin","PSDB","PSDB PFL",11927802,12.43,"Presidente",2006,"Turno 1","SP","SP"
"344","Paraná","Geraldo Alckmin","PSDB","PSDB PFL",2953572,3.08,"Presidente",2006,"Turno 1","PR","PR"
"345","Santa Catarina","Geraldo Alckmin","PSDB","PSDB PFL",1889277,1.97,"Presidente",2006,"Turno 1","SC","SC"
"346","R. G. do Sul","Geraldo Alckmin","PSDB","PSDB PFL",3460730,3.61,"Presidente",2006,"Turno 1","RS","RS"
"347","Mato Grosso","Geraldo Alckmin","PSDB","PSDB PFL",790320,0.82,"Presidente",2006,"Turno 1","MT","MT"
"348","M. G. do Sul","Geraldo Alckmin","PSDB","PSDB PFL",687583,0.72,"Presidente",2006,"Turno 1","MS","MS"
"349","Goiás","Geraldo Alckmin","PSDB","PSDB PFL",1465628,1.53,"Presidente",2006,"Turno 1","GO","GO"
"350","Distrito Federal","Geraldo Alckmin","PSDB","PSDB PFL",594521,0.62,"Presidente",2006,"Turno 1","DF","DF"
"351","Rondônia","Luiz Inácio Lula da Silva","PT","PT PRB PCdoB",397327,0.41,"Presidente",2006,"Turno 2","RO","RO"
"352","Acre","Luiz Inácio Lula da Silva","PT","PT PRB PCdoB",151584,0.16,"Presidente",2006,"Turno 2","AC","AC"
"353","Amazonas","Luiz Inácio Lula da Silva","PT","PT PRB PCdoB",1159709,1.21,"Presidente",2006,"Turno 2","AM","AM"
"354","Roraima","Luiz Inácio Lula da Silva","PT","PT PRB PCdoB",66932,0.07,"Presidente",2006,"Turno 2","RR","RR"
"355","Pará","Luiz Inácio Lula da Silva","PT","PT PRB PCdoB",1840154,1.92,"Presidente",2006,"Turno 2","PA","PA"
"356","Amapá","Luiz Inácio Lula da Silva","PT","PT PRB PCdoB",191698,0.2,"Presidente",2006,"Turno 2","AP","AP"
"357","Tocantins","Luiz Inácio Lula da Silva","PT","PT PRB PCdoB",447849,0.47,"Presidente",2006,"Turno 2","TO","TO"
"358","Maranhão","Luiz Inácio Lula da Silva","PT","PT PRB PCdoB",2280520,2.38,"Presidente",2006,"Turno 2","MA","MA"
"359","Piauí","Luiz Inácio Lula da Silva","PT","PT PRB PCdoB",1216842,1.27,"Presidente",2006,"Turno 2","PI","PI"
"360","Ceará","Luiz Inácio Lula da Silva","PT","PT PRB PCdoB",3394007,3.54,"Presidente",2006,"Turno 2","CE","CE"
"361","R. G. do Norte","Luiz Inácio Lula da Silva","PT","PT PRB PCdoB",1099150,1.15,"Presidente",2006,"Turno 2","RN","RN"
"362","Paraíba","Luiz Inácio Lula da Silva","PT","PT PRB PCdoB",1478378,1.54,"Presidente",2006,"Turno 2","PB","PB"
"363","Pernambuco","Luiz Inácio Lula da Silva","PT","PT PRB PCdoB",3260996,3.4,"Presidente",2006,"Turno 2","PE","PE"
"364","Alagoas","Luiz Inácio Lula da Silva","PT","PT PRB PCdoB",822505,0.86,"Presidente",2006,"Turno 2","AL","AL"
"365","Sergipe","Luiz Inácio Lula da Silva","PT","PT PRB PCdoB",611337,0.64,"Presidente",2006,"Turno 2","SE","SE"
"366","Bahia","Luiz Inácio Lula da Silva","PT","PT PRB PCdoB",5188314,5.42,"Presidente",2006,"Turno 2","BA","BA"
"367","Minas Gerais","Luiz Inácio Lula da Silva","PT","PT PRB PCdoB",6808417,7.11,"Presidente",2006,"Turno 2","MG","MG"
"368","Espírito Santo","Luiz Inácio Lula da Silva","PT","PT PRB PCdoB",1190459,1.24,"Presidente",2006,"Turno 2","ES","ES"
"369","Rio de Janeiro","Luiz Inácio Lula da Silva","PT","PT PRB PCdoB",5532284,5.77,"Presidente",2006,"Turno 2","RJ","RJ"
"370","São Paulo","Luiz Inácio Lula da Silva","PT","PT PRB PCdoB",10684776,11.15,"Presidente",2006,"Turno 2","SP","SP"
"371","Paraná","Luiz Inácio Lula da Silva","PT","PT PRB PCdoB",2663423,2.78,"Presidente",2006,"Turno 2","PR","PR"
"372","Santa Catarina","Luiz Inácio Lula da Silva","PT","PT PRB PCdoB",1481344,1.55,"Presidente",2006,"Turno 2","SC","SC"
"373","R. G. do Sul","Luiz Inácio Lula da Silva","PT","PT PRB PCdoB",2811658,2.93,"Presidente",2006,"Turno 2","RS","RS"
"374","M. G. do Sul","Luiz Inácio Lula da Silva","PT","PT PRB PCdoB",535966,0.56,"Presidente",2006,"Turno 2","MS","MS"
"375","Mato Grosso","Luiz Inácio Lula da Silva","PT","PT PRB PCdoB",711177,0.74,"Presidente",2006,"Turno 2","MT","MT"
"376","Goiás","Luiz Inácio Lula da Silva","PT","PT PRB PCdoB",1485280,1.55,"Presidente",2006,"Turno 2","GO","GO"
"377","Distrito Federal","Luiz Inácio Lula da Silva","PT","PT PRB PCdoB",765008,0.8,"Presidente",2006,"Turno 2","DF","DF"
"378","Rondônia","Geraldo Alckimin","PSDB","PSDB PFL",320806,0.33,"Presidente",2006,"Turno 2","RO","RO"
"379","Acre","Geraldo Alckimin","PSDB","PSDB PFL",137911,0.14,"Presidente",2006,"Turno 2","AC","AC"
"380","Amazonas","Geraldo Alckimin","PSDB","PSDB PFL",176338,0.18,"Presidente",2006,"Turno 2","AM","AM"
"381","Roraima","Geraldo Alckimin","PSDB","PSDB PFL",106890,0.11,"Presidente",2006,"Turno 2","RR","RR"
"382","Pará","Geraldo Alckimin","PSDB","PSDB PFL",1220564,1.27,"Presidente",2006,"Turno 2","PA","PA"
"383","Amapá","Geraldo Alckimin","PSDB","PSDB PFL",80601,0.08,"Presidente",2006,"Turno 2","AP","AP"
"384","Tocantins","Geraldo Alckimin","PSDB","PSDB PFL",189491,0.2,"Presidente",2006,"Turno 2","TO","TO"
"385","Maranhão","Geraldo Alckimin","PSDB","PSDB PFL",414108,0.43,"Presidente",2006,"Turno 2","MA","MA"
"386","Piauí","Geraldo Alckimin","PSDB","PSDB PFL",356879,0.37,"Presidente",2006,"Turno 2","PI","PI"
"387","Ceará","Geraldo Alckimin","PSDB","PSDB PFL",725990,0.76,"Presidente",2006,"Turno 2","CE","CE"
"388","R. G. do Norte","Geraldo Alckimin","PSDB","PSDB PFL",477212,0.5,"Presidente",2006,"Turno 2","RN","RN"
"389","Paraíba","Geraldo Alckimin","PSDB","PSDB PFL",492524,0.51,"Presidente",2006,"Turno 2","PB","PB"
"390","Pernambuco","Geraldo Alckimin","PSDB","PSDB PFL",894062,0.93,"Presidente",2006,"Turno 2","PE","PE"
"391","Alagoas","Geraldo Alckimin","PSDB","PSDB PFL",516059,0.54,"Presidente",2006,"Turno 2","AL","AL"
"392","Sergipe","Geraldo Alckimin","PSDB","PSDB PFL",404897,0.42,"Presidente",2006,"Turno 2","SE","SE"
"393","Bahia","Geraldo Alckimin","PSDB","PSDB PFL",1456417,1.52,"Presidente",2006,"Turno 2","BA","BA"
"394","Minas Gerais","Geraldo Alckimin","PSDB","PSDB PFL",3635228,3.79,"Presidente",2006,"Turno 2","MG","MG"
"395","Espírito Santo","Geraldo Alckimin","PSDB","PSDB PFL",625852,0.65,"Presidente",2006,"Turno 2","ES","ES"
"396","Rio de Janeiro","Geraldo Alckimin","PSDB","PSDB PFL",2406487,2.51,"Presidente",2006,"Turno 2","RJ","RJ"
"397","São Paulo","Geraldo Alckimin","PSDB","PSDB PFL",11696938,12.21,"Presidente",2006,"Turno 2","SP","SP"
"398","Paraná","Geraldo Alckimin","PSDB","PSDB PFL",2744697,2.87,"Presidente",2006,"Turno 2","PR","PR"
"399","Santa Catarina","Geraldo Alckimin","PSDB","PSDB PFL",1776776,1.85,"Presidente",2006,"Turno 2","SC","SC"
"400","R. G. do Sul","Geraldo Alckimin","PSDB","PSDB PFL",3485916,3.64,"Presidente",2006,"Turno 2","RS","RS"
"401","M. G. do Sul","Geraldo Alckimin","PSDB","PSDB PFL",655491,0.68,"Presidente",2006,"Turno 2","MS","MS"
"402","Mato Grosso","Geraldo Alckimin","PSDB","PSDB PFL",719984,0.75,"Presidente",2006,"Turno 2","MT","MT"
"403","Goiás","Geraldo Alckimin","PSDB","PSDB PFL",1226011,1.28,"Presidente",2006,"Turno 2","GO","GO"
"404","Distrito Federal","Geraldo Alckimin","PSDB","PSDB PFL",578137,0.6,"Presidente",2006,"Turno 2","DF","DF"
"405","Rondônia","Dilma Rousseff","PT","PT",321712,0.32,"Presidente",2010,"Turno 1","RO","RO"
"406","Acre","Dilma Rousseff","PT","PT",82733,0.08,"Presidente",2010,"Turno 1","AC","AC"
"407","Amazonas","Dilma Rousseff","PT","PT",991128,0.98,"Presidente",2010,"Turno 1","AM","AM"
"408","Roraima","Dilma Rousseff","PT","PT",63927,0.06,"Presidente",2010,"Turno 1","RR","RR"
"409","Pará","Dilma Rousseff","PT","PT",1699799,1.68,"Presidente",2010,"Turno 1","PA","PA"
"410","Amapá","Dilma Rousseff","PT","PT",161443,0.16,"Presidente",2010,"Turno 1","AP","AP"
"411","Tocantins","Dilma Rousseff","PT","PT",362383,0.36,"Presidente",2010,"Turno 1","TO","TO"
"412","Maranhão","Dilma Rousseff","PT","PT",2079650,2.05,"Presidente",2010,"Turno 1","MA","MA"
"413","Piauí","Dilma Rousseff","PT","PT",1088205,1.07,"Presidente",2010,"Turno 1","PI","PI"
"414","Ceará","Dilma Rousseff","PT","PT",2783451,2.74,"Presidente",2010,"Turno 1","CE","CE"
"415","R. G. do Norte","Dilma Rousseff","PT","PT",846416,0.83,"Presidente",2010,"Turno 1","RN","RN"
"416","Paraíba","Dilma Rousseff","PT","PT",1031185,1.02,"Presidente",2010,"Turno 1","PB","PB"
"417","Pernambuco","Dilma Rousseff","PT","PT",2748751,2.71,"Presidente",2010,"Turno 1","PE","PE"
"418","Alagoas","Dilma Rousseff","PT","PT",709844,0.7,"Presidente",2010,"Turno 1","AL","AL"
"419","Sergipe","Dilma Rousseff","PT","PT",506802,0.5,"Presidente",2010,"Turno 1","SE","SE"
"420","Bahia","Dilma Rousseff","PT","PT",4188099,4.13,"Presidente",2010,"Turno 1","BA","BA"
"421","Minas Gerais","Dilma Rousseff","PT","PT",5067399,5,"Presidente",2010,"Turno 1","MG","MG"
"422","Espírito Santo","Dilma Rousseff","PT","PT",717417,0.71,"Presidente",2010,"Turno 1","ES","ES"
"423","Rio de Janeiro","Dilma Rousseff","PT","PT",3739632,3.69,"Presidente",2010,"Turno 1","RJ","RJ"
"424","São Paulo","Dilma Rousseff","PT","PT",8740949,8.62,"Presidente",2010,"Turno 1","SP","SP"
"425","Paraná","Dilma Rousseff","PT","PT",2311239,2.28,"Presidente",2010,"Turno 1","PR","PR"
"426","Santa Catarina","Dilma Rousseff","PT","PT",1402566,1.38,"Presidente",2010,"Turno 1","SC","SC"
"427","R. G. do Sul","Dilma Rousseff","PT","PT",3007263,2.96,"Presidente",2010,"Turno 1","RS","RS"
"428","M. G. do Sul","Dilma Rousseff","PT","PT",518877,0.51,"Presidente",2010,"Turno 1","MS","MS"
"429","Mato Grosso","Dilma Rousseff","PT","PT",659771,0.65,"Presidente",2010,"Turno 1","MT","MT"
"430","Goiás","Dilma Rousseff","PT","PT",1301985,1.28,"Presidente",2010,"Turno 1","GO","GO"
"431","Distrito Federal","Dilma Rousseff","PT","PT",462441,0.46,"Presidente",2010,"Turno 1","DF","DF"
"432","Rondônia","José Serra","PSDB","PSDB",358435,0.35,"Presidente",2010,"Turno 1","RO","RO"
"433","Acre","José Serra","PSDB","PSDB",180252,0.18,"Presidente",2010,"Turno 1","AC","AC"
"434","Amazonas","José Serra","PSDB","PSDB",129190,0.13,"Presidente",2010,"Turno 1","AM","AM"
"435","Roraima","José Serra","PSDB","PSDB",113601,0.11,"Presidente",2010,"Turno 1","RR","RR"
"436","Pará","José Serra","PSDB","PSDB",1336887,1.32,"Presidente",2010,"Turno 1","PA","PA"
"437","Amapá","José Serra","PSDB","PSDB",72774,0.07,"Presidente",2010,"Turno 1","AP","AP"
"438","Tocantins","José Serra","PSDB","PSDB",198979,0.2,"Presidente",2010,"Turno 1","TO","TO"
"439","Maranhão","José Serra","PSDB","PSDB",444145,0.44,"Presidente",2010,"Turno 1","MA","MA"
"440","Piauí","José Serra","PSDB","PSDB",339445,0.33,"Presidente",2010,"Turno 1","PI","PI"
"441","Ceará","José Serra","PSDB","PSDB",686891,0.68,"Presidente",2010,"Turno 1","CE","CE"
"442","R. G. do Norte","José Serra","PSDB","PSDB",460107,0.45,"Presidente",2010,"Turno 1","RN","RN"
"443","Paraíba","José Serra","PSDB","PSDB",551053,0.54,"Presidente",2010,"Turno 1","PB","PB"
"444","Pernambuco","José Serra","PSDB","PSDB",773374,0.76,"Presidente",2010,"Turno 1","PE","PE"
"445","Alagoas","José Serra","PSDB","PSDB",508232,0.5,"Presidente",2010,"Turno 1","AL","AL"
"446","Sergipe","José Serra","PSDB","PSDB",404584,0.4,"Presidente",2010,"Turno 1","SE","SE"
"447","Bahia","José Serra","PSDB","PSDB",1403153,1.38,"Presidente",2010,"Turno 1","BA","BA"
"448","Minas Gerais","José Serra","PSDB","PSDB",3317872,3.27,"Presidente",2010,"Turno 1","MG","MG"
"449","Espírito Santo","José Serra","PSDB","PSDB",682590,0.67,"Presidente",2010,"Turno 1","ES","ES"
"450","Rio de Janeiro","José Serra","PSDB","PSDB",1925166,1.9,"Presidente",2010,"Turno 1","RJ","RJ"
"451","São Paulo","José Serra","PSDB","PSDB",9524050,9.39,"Presidente",2010,"Turno 1","SP","SP"
"452","Paraná","José Serra","PSDB","PSDB",2607664,2.57,"Presidente",2010,"Turno 1","PR","PR"
"453","Santa Catarina","José Serra","PSDB","PSDB",1658161,1.63,"Presidente",2010,"Turno 1","SC","SC"
"454","R. G. do Sul","José Serra","PSDB","PSDB",2600389,2.56,"Presidente",2010,"Turno 1","RS","RS"
"455","M. G. do Sul","José Serra","PSDB","PSDB",551296,0.54,"Presidente",2010,"Turno 1","MS","MS"
"456","Mato Grosso","José Serra","PSDB","PSDB",678614,0.67,"Presidente",2010,"Turno 1","MT","MT"
"457","Goiás","José Serra","PSDB","PSDB",1217203,1.2,"Presidente",2010,"Turno 1","GO","GO"
"458","Distrito Federal","José Serra","PSDB","PSDB",354070,0.35,"Presidente",2010,"Turno 1","DF","DF"
"459","Rondônia","Dilma Rousseff","PT","PT",347138,0.35,"Presidente",2010,"Turno 2","RO","RO"
"460","Acre","Dilma Rousseff","PT","PT",96969,0.1,"Presidente",2010,"Turno 2","AC","AC"
"461","Amazonas","Dilma Rousseff","PT","PT",1141607,1.15,"Presidente",2010,"Turno 2","AM","AM"
"462","Roraima","Dilma Rousseff","PT","PT",71280,0.07,"Presidente",2010,"Turno 2","RR","RR"
"463","Pará","Dilma Rousseff","PT","PT",1791443,1.8,"Presidente",2010,"Turno 2","PA","PA"
"464","Amapá","Dilma Rousseff","PT","PT",198644,0.2,"Presidente",2010,"Turno 2","AP","AP"
"465","Tocantins","Dilma Rousseff","PT","PT",391279,0.39,"Presidente",2010,"Turno 2","TO","TO"
"466","Maranhão","Dilma Rousseff","PT","PT",2294146,2.31,"Presidente",2010,"Turno 2","MA","MA"
"467","Piauí","Dilma Rousseff","PT","PT",1112380,1.12,"Presidente",2010,"Turno 2","PI","PI"
"468","Ceará","Dilma Rousseff","PT","PT",3288570,3.31,"Presidente",2010,"Turno 2","CE","CE"
"469","R. G. do Norte","Dilma Rousseff","PT","PT",979772,0.99,"Presidente",2010,"Turno 2","RN","RN"
"470","Paraíba","Dilma Rousseff","PT","PT",1229391,1.24,"Presidente",2010,"Turno 2","PB","PB"
"471","Pernambuco","Dilma Rousseff","PT","PT",3457953,3.48,"Presidente",2010,"Turno 2","PE","PE"
"472","Alagoas","Dilma Rousseff","PT","PT",737236,0.74,"Presidente",2010,"Turno 2","AL","AL"
"473","Sergipe","Dilma Rousseff","PT","PT",568862,0.57,"Presidente",2010,"Turno 2","SE","SE"
"474","Bahia","Dilma Rousseff","PT","PT",4737079,4.77,"Presidente",2010,"Turno 2","BA","BA"
"475","Minas Gerais","Dilma Rousseff","PT","PT",6220125,6.26,"Presidente",2010,"Turno 2","MG","MG"
"476","Espírito Santo","Dilma Rousseff","PT","PT",924046,0.93,"Presidente",2010,"Turno 2","ES","ES"
"477","Rio de Janeiro","Dilma Rousseff","PT","PT",4934077,4.97,"Presidente",2010,"Turno 2","RJ","RJ"
"478","São Paulo","Dilma Rousseff","PT","PT",10462447,10.53,"Presidente",2010,"Turno 2","SP","SP"
"479","Paraná","Dilma Rousseff","PT","PT",2593086,2.61,"Presidente",2010,"Turno 2","PR","PR"
"480","Santa Catarina","Dilma Rousseff","PT","PT",1556226,1.57,"Presidente",2010,"Turno 2","SC","SC"
"481","R. G. do Sul","Dilma Rousseff","PT","PT",3117761,3.14,"Presidente",2010,"Turno 2","RS","RS"
"482","M. G. do Sul","Dilma Rousseff","PT","PT",555283,0.56,"Presidente",2010,"Turno 2","MS","MS"
"483","Mato Grosso","Dilma Rousseff","PT","PT",729747,0.73,"Presidente",2010,"Turno 2","MT","MT"
"484","Goiás","Dilma Rousseff","PT","PT",1446178,1.46,"Presidente",2010,"Turno 2","GO","GO"
"485","Distrito Federal","Dilma Rousseff","PT","PT",708674,0.71,"Presidente",2010,"Turno 2","DF","DF"
"486","Rondônia","José Serra","PSDB","PSDB",385735,0.39,"Presidente",2010,"Turno 2","RO","RO"
"487","Acre","José Serra","PSDB","PSDB",222766,0.22,"Presidente",2010,"Turno 2","AC","AC"
"488","Amazonas","José Serra","PSDB","PSDB",275333,0.28,"Presidente",2010,"Turno 2","AM","AM"
"489","Roraima","José Serra","PSDB","PSDB",141896,0.14,"Presidente",2010,"Turno 2","RR","RR"
"490","Pará","José Serra","PSDB","PSDB",1576154,1.59,"Presidente",2010,"Turno 2","PA","PA"
"491","Amapá","José Serra","PSDB","PSDB",118360,0.12,"Presidente",2010,"Turno 2","AP","AP"
"492","Tocantins","José Serra","PSDB","PSDB",273306,0.28,"Presidente",2010,"Turno 2","TO","TO"
"493","Maranhão","José Serra","PSDB","PSDB",606449,0.61,"Presidente",2010,"Turno 2","MA","MA"
"494","Piauí","José Serra","PSDB","PSDB",477092,0.48,"Presidente",2010,"Turno 2","PI","PI"
"495","Ceará","José Serra","PSDB","PSDB",962729,0.97,"Presidente",2010,"Turno 2","CE","CE"
"496","R. G. do Norte","José Serra","PSDB","PSDB",665726,0.67,"Presidente",2010,"Turno 2","RN","RN"
"497","Paraíba","José Serra","PSDB","PSDB",767919,0.77,"Presidente",2010,"Turno 2","PB","PB"
"498","Pernambuco","José Serra","PSDB","PSDB",1113235,1.12,"Presidente",2010,"Turno 2","PE","PE"
"499","Alagoas","José Serra","PSDB","PSDB",637368,0.64,"Presidente",2010,"Turno 2","AL","AL"
"500","Sergipe","José Serra","PSDB","PSDB",493280,0.5,"Presidente",2010,"Turno 2","SE","SE"
"501","Bahia","José Serra","PSDB","PSDB",1948584,1.96,"Presidente",2010,"Turno 2","BA","BA"
"502","Minas Gerais","José Serra","PSDB","PSDB",4422294,4.45,"Presidente",2010,"Turno 2","MG","MG"
"503","Espírito Santo","José Serra","PSDB","PSDB",955423,0.96,"Presidente",2010,"Turno 2","ES","ES"
"504","Rio de Janeiro","José Serra","PSDB","PSDB",3223891,3.25,"Presidente",2010,"Turno 2","RJ","RJ"
"505","São Paulo","José Serra","PSDB","PSDB",12308483,12.39,"Presidente",2010,"Turno 2","SP","SP"
"506","Paraná","José Serra","PSDB","PSDB",3226216,3.25,"Presidente",2010,"Turno 2","PR","PR"
"507","Santa Catarina","José Serra","PSDB","PSDB",2030135,2.04,"Presidente",2010,"Turno 2","SC","SC"
"508","R. G. do Sul","José Serra","PSDB","PSDB",3237207,3.26,"Presidente",2010,"Turno 2","RS","RS"
"509","M. G. do Sul","José Serra","PSDB","PSDB",682305,0.69,"Presidente",2010,"Turno 2","MS","MS"
"510","Mato Grosso","José Serra","PSDB","PSDB",762905,0.77,"Presidente",2010,"Turno 2","MT","MT"
"511","Goiás","José Serra","PSDB","PSDB",1490368,1.5,"Presidente",2010,"Turno 2","GO","GO"
"512","Distrito Federal","José Serra","PSDB","PSDB",633299,0.64,"Presidente",2010,"Turno 2","DF","DF"
"513","Rondônia","Dilma Rousseff","PT","PT PT PMDB PSD PP PR PROS PDT PC B PRB",345167,0.33,"Presidente",2014,"Turno 1","RO","RO"
"514","Acre","Dilma Rousseff","PT","PT PT PMDB PSD PP PR PROS PDT PC B PRB",111610,0.11,"Presidente",2014,"Turno 1","AC","AC"
"515","Amazonas","Dilma Rousseff","PT","PT PT PMDB PSD PP PR PROS PDT PC B PRB",915030,0.88,"Presidente",2014,"Turno 1","AM","AM"
"516","Roraima","Dilma Rousseff","PT","PT PT PMDB PSD PP PR PROS PDT PC B PRB",82857,0.08,"Presidente",2014,"Turno 1","RR","RR"
"517","Pará","Dilma Rousseff","PT","PT PT PMDB PSD PP PR PROS PDT PC B PRB",2040696,1.97,"Presidente",2014,"Turno 1","PA","PA"
"518","Amapá","Dilma Rousseff","PT","PT PT PMDB PSD PP PR PROS PDT PC B PRB",198939,0.19,"Presidente",2014,"Turno 1","AP","AP"
"519","Tocantins","Dilma Rousseff","PT","PT PT PMDB PSD PP PR PROS PDT PC B PRB",368348,0.35,"Presidente",2014,"Turno 1","TO","TO"
"520","Maranhão","Dilma Rousseff","PT","PT PT PMDB PSD PP PR PROS PDT PC B PRB",2187668,2.11,"Presidente",2014,"Turno 1","MA","MA"
"521","Piauí","Dilma Rousseff","PT","PT PT PMDB PSD PP PR PROS PDT PC B PRB",1235203,1.19,"Presidente",2014,"Turno 1","PI","PI"
"522","Ceará","Dilma Rousseff","PT","PT PT PMDB PSD PP PR PROS PDT PC B PRB",3087115,2.97,"Presidente",2014,"Turno 1","CE","CE"
"523","R. G. do Norte","Dilma Rousseff","PT","PT PT PMDB PSD PP PR PROS PDT PC B PRB",999452,0.96,"Presidente",2014,"Turno 1","RN","RN"
"524","Paraíba","Dilma Rousseff","PT","PT PT PMDB PSD PP PR PROS PDT PC B PRB",1166632,1.12,"Presidente",2014,"Turno 1","PB","PB"
"525","Pernambuco","Dilma Rousseff","PT","PT PT PMDB PSD PP PR PROS PDT PC B PRB",2126491,2.05,"Presidente",2014,"Turno 1","PE","PE"
"526","Alagoas","Dilma Rousseff","PT","PT PT PMDB PSD PP PR PROS PDT PC B PRB",703674,0.68,"Presidente",2014,"Turno 1","AL","AL"
"527","Sergipe","Dilma Rousseff","PT","PT PT PMDB PSD PP PR PROS PDT PC B PRB",601578,0.58,"Presidente",2014,"Turno 1","SE","SE"
"528","Bahia","Dilma Rousseff","PT","PT PT PMDB PSD PP PR PROS PDT PC B PRB",4292325,4.14,"Presidente",2014,"Turno 1","BA","BA"
"529","Minas Gerais","Dilma Rousseff","PT","PT PT PMDB PSD PP PR PROS PDT PC B PRB",4829513,4.65,"Presidente",2014,"Turno 1","MG","MG"
"530","Espírito Santo","Dilma Rousseff","PT","PT PT PMDB PSD PP PR PROS PDT PC B PRB",653469,0.63,"Presidente",2014,"Turno 1","ES","ES"
"531","Rio de Janeiro","Dilma Rousseff","PT","PT PT PMDB PSD PP PR PROS PDT PC B PRB",2970486,2.86,"Presidente",2014,"Turno 1","RJ","RJ"
"532","São Paulo","Dilma Rousseff","PT","PT PT PMDB PSD PP PR PROS PDT PC B PRB",5927503,5.71,"Presidente",2014,"Turno 1","SP","SP"
"533","Paraná","Dilma Rousseff","PT","PT PT PMDB PSD PP PR PROS PDT PC B PRB",1972761,1.9,"Presidente",2014,"Turno 1","PR","PR"
"534","Santa Catarina","Dilma Rousseff","PT","PT PT PMDB PSD PP PR PROS PDT PC B PRB",1140432,1.1,"Presidente",2014,"Turno 1","SC","SC"
"535","R. G. do Sul","Dilma Rousseff","PT","PT PT PMDB PSD PP PR PROS PDT PC B PRB",2751098,2.65,"Presidente",2014,"Turno 1","RS","RS"
"536","M. G. do Sul","Dilma Rousseff","PT","PT PT PMDB PSD PP PR PROS PDT PC B PRB",506951,0.49,"Presidente",2014,"Turno 1","MS","MS"
"537","Mato Grosso","Dilma Rousseff","PT","PT PT PMDB PSD PP PR PROS PDT PC B PRB",616265,0.59,"Presidente",2014,"Turno 1","MT","MT"
"538","Goiás","Dilma Rousseff","PT","PT PT PMDB PSD PP PR PROS PDT PC B PRB",1035673,1,"Presidente",2014,"Turno 1","GO","GO"
"539","Distrito Federal","Dilma Rousseff","PT","PT PT PMDB PSD PP PR PROS PDT PC B PRB",362511,0.35,"Presidente",2014,"Turno 1","DF","DF"
"540","Rondônia","Aécio Neves","PSDB","PSDB PSDB PMN SD DEM PEN PTN PTB PTC PT B",371692,0.36,"Presidente",2014,"Turno 1","RO","RO"
"541","Acre","Aécio Neves","PSDB","PSDB PSDB PMN SD DEM PEN PTN PTB PTC PT B",116015,0.11,"Presidente",2014,"Turno 1","AC","AC"
"542","Amazonas","Aécio Neves","PSDB","PSDB PSDB PMN SD DEM PEN PTN PTB PTC PT B",325734,0.31,"Presidente",2014,"Turno 1","AM","AM"
"543","Roraima","Aécio Neves","PSDB","PSDB PSDB PMN SD DEM PEN PTN PTB PTC PT B",108903,0.1,"Presidente",2014,"Turno 1","RR","RR"
"544","Pará","Aécio Neves","PSDB","PSDB PSDB PMN SD DEM PEN PTN PTB PTC PT B",1057860,1.02,"Presidente",2014,"Turno 1","PA","PA"
"545","Amapá","Aécio Neves","PSDB","PSDB PSDB PMN SD DEM PEN PTN PTB PTC PT B",99046,0.1,"Presidente",2014,"Turno 1","AP","AP"
"546","Tocantins","Aécio Neves","PSDB","PSDB PSDB PMN SD DEM PEN PTN PTB PTC PT B",202882,0.2,"Presidente",2014,"Turno 1","TO","TO"
"547","Maranhão","Aécio Neves","PSDB","PSDB PSDB PMN SD DEM PEN PTN PTB PTC PT B",365443,0.35,"Presidente",2014,"Turno 1","MA","MA"
"548","Piauí","Aécio Neves","PSDB","PSDB PSDB PMN SD DEM PEN PTN PTB PTC PT B",242069,0.23,"Presidente",2014,"Turno 1","PI","PI"
"549","Ceará","Aécio Neves","PSDB","PSDB PSDB PMN SD DEM PEN PTN PTB PTC PT B",676743,0.65,"Presidente",2014,"Turno 1","CE","CE"
"550","R. G. do Norte","Aécio Neves","PSDB","PSDB PSDB PMN SD DEM PEN PTN PTB PTC PT B",329866,0.32,"Presidente",2014,"Turno 1","RN","RN"
"551","Paraíba","Aécio Neves","PSDB","PSDB PSDB PMN SD DEM PEN PTN PTB PTC PT B",490516,0.47,"Presidente",2014,"Turno 1","PB","PB"
"552","Pernambuco","Aécio Neves","PSDB","PSDB PSDB PMN SD DEM PEN PTN PTB PTC PT B",284771,0.27,"Presidente",2014,"Turno 1","PE","PE"
"553","Alagoas","Aécio Neves","PSDB","PSDB PSDB PMN SD DEM PEN PTN PTB PTC PT B",311576,0.3,"Presidente",2014,"Turno 1","AL","AL"
"554","Sergipe","Aécio Neves","PSDB","PSDB PSDB PMN SD DEM PEN PTN PTB PTC PT B",248424,0.24,"Presidente",2014,"Turno 1","SE","SE"
"555","Bahia","Aécio Neves","PSDB","PSDB PSDB PMN SD DEM PEN PTN PTB PTC PT B",1276603,1.23,"Presidente",2014,"Turno 1","BA","BA"
"556","Minas Gerais","Aécio Neves","PSDB","PSDB PSDB PMN SD DEM PEN PTN PTB PTC PT B",4414452,4.25,"Presidente",2014,"Turno 1","MG","MG"
"557","Espírito Santo","Aécio Neves","PSDB","PSDB PSDB PMN SD DEM PEN PTN PTB PTC PT B",692952,0.67,"Presidente",2014,"Turno 1","ES","ES"
"558","Rio de Janeiro","Aécio Neves","PSDB","PSDB PSDB PMN SD DEM PEN PTN PTB PTC PT B",2246363,2.16,"Presidente",2014,"Turno 1","RJ","RJ"
"559","São Paulo","Aécio Neves","PSDB","PSDB PSDB PMN SD DEM PEN PTN PTB PTC PT B",10152688,9.78,"Presidente",2014,"Turno 1","SP","SP"
"560","Paraná","Aécio Neves","PSDB","PSDB PSDB PMN SD DEM PEN PTN PTB PTC PT B",3018548,2.91,"Presidente",2014,"Turno 1","PR","PR"
"561","Santa Catarina","Aécio Neves","PSDB","PSDB PSDB PMN SD DEM PEN PTN PTB PTC PT B",1961224,1.89,"Presidente",2014,"Turno 1","SC","SC"
"562","R. G. do Sul","Aécio Neves","PSDB","PSDB PSDB PMN SD DEM PEN PTN PTB PTC PT B",2637238,2.54,"Presidente",2014,"Turno 1","RS","RS"
"563","M. G. do Sul","Aécio Neves","PSDB","PSDB PSDB PMN SD DEM PEN PTN PTB PTC PT B",558331,0.54,"Presidente",2014,"Turno 1","MS","MS"
"564","Mato Grosso","Aécio Neves","PSDB","PSDB PSDB PMN SD DEM PEN PTN PTB PTC PT B",693251,0.67,"Presidente",2014,"Turno 1","MT","MT"
"565","Goiás","Aécio Neves","PSDB","PSDB PSDB PMN SD DEM PEN PTN PTB PTC PT B",1340441,1.29,"Presidente",2014,"Turno 1","GO","GO"
"566","Distrito Federal","Aécio Neves","PSDB","PSDB PSDB PMN SD DEM PEN PTN PTB PTC PT B",568371,0.55,"Presidente",2014,"Turno 1","DF","DF"
"567","Rondônia","Dilma Rousseff","PT","PT PT PMDB PSD PP PR PROS PDT PC B PRB",364055,0.35,"Presidente",2014,"Turno 2","RO","RO"
"568","Acre","Dilma Rousseff","PT","PT PT PMDB PSD PP PR PROS PDT PC B PRB",138922,0.13,"Presidente",2014,"Turno 2","AC","AC"
"569","Amazonas","Dilma Rousseff","PT","PT PT PMDB PSD PP PR PROS PDT PC B PRB",1033090,0.98,"Presidente",2014,"Turno 2","AM","AM"
"570","Roraima","Dilma Rousseff","PT","PT PT PMDB PSD PP PR PROS PDT PC B PRB",97329,0.09,"Presidente",2014,"Turno 2","RR","RR"
"571","Pará","Dilma Rousseff","PT","PT PT PMDB PSD PP PR PROS PDT PC B PRB",2103829,2,"Presidente",2014,"Turno 2","PA","PA"
"572","Amapá","Dilma Rousseff","PT","PT PT PMDB PSD PP PR PROS PDT PC B PRB",227414,0.22,"Presidente",2014,"Turno 2","AP","AP"
"573","Tocantins","Dilma Rousseff","PT","PT PT PMDB PSD PP PR PROS PDT PC B PRB",428662,0.41,"Presidente",2014,"Turno 2","TO","TO"
"574","Maranhão","Dilma Rousseff","PT","PT PT PMDB PSD PP PR PROS PDT PC B PRB",2475762,2.35,"Presidente",2014,"Turno 2","MA","MA"
"575","Piauí","Dilma Rousseff","PT","PT PT PMDB PSD PP PR PROS PDT PC B PRB",1385096,1.31,"Presidente",2014,"Turno 2","PI","PI"
"576","Ceará","Dilma Rousseff","PT","PT PT PMDB PSD PP PR PROS PDT PC B PRB",3522225,3.34,"Presidente",2014,"Turno 2","CE","CE"
"577","R. G. do Norte","Dilma Rousseff","PT","PT PT PMDB PSD PP PR PROS PDT PC B PRB",1201576,1.14,"Presidente",2014,"Turno 2","RN","RN"
"578","Paraíba","Dilma Rousseff","PT","PT PT PMDB PSD PP PR PROS PDT PC B PRB",1380988,1.31,"Presidente",2014,"Turno 2","PB","PB"
"579","Pernambuco","Dilma Rousseff","PT","PT PT PMDB PSD PP PR PROS PDT PC B PRB",3438165,3.26,"Presidente",2014,"Turno 2","PE","PE"
"580","Alagoas","Dilma Rousseff","PT","PT PT PMDB PSD PP PR PROS PDT PC B PRB",941286,0.89,"Presidente",2014,"Turno 2","AL","AL"
"581","Sergipe","Dilma Rousseff","PT","PT PT PMDB PSD PP PR PROS PDT PC B PRB",772253,0.73,"Presidente",2014,"Turno 2","SE","SE"
"582","Bahia","Dilma Rousseff","PT","PT PT PMDB PSD PP PR PROS PDT PC B PRB",5059228,4.8,"Presidente",2014,"Turno 2","BA","BA"
"583","Minas Gerais","Dilma Rousseff","PT","PT PT PMDB PSD PP PR PROS PDT PC B PRB",5979422,5.68,"Presidente",2014,"Turno 2","MG","MG"
"584","Espírito Santo","Dilma Rousseff","PT","PT PT PMDB PSD PP PR PROS PDT PC B PRB",911906,0.87,"Presidente",2014,"Turno 2","ES","ES"
"585","Rio de Janeiro","Dilma Rousseff","PT","PT PT PMDB PSD PP PR PROS PDT PC B PRB",4488183,4.26,"Presidente",2014,"Turno 2","RJ","RJ"
"586","São Paulo","Dilma Rousseff","PT","PT PT PMDB PSD PP PR PROS PDT PC B PRB",8488383,8.06,"Presidente",2014,"Turno 2","SP","SP"
"587","Paraná","Dilma Rousseff","PT","PT PT PMDB PSD PP PR PROS PDT PC B PRB",2408740,2.29,"Presidente",2014,"Turno 2","PR","PR"
"588","Santa Catarina","Dilma Rousseff","PT","PT PT PMDB PSD PP PR PROS PDT PC B PRB",1353808,1.29,"Presidente",2014,"Turno 2","SC","SC"
"589","R. G. do Sul","Dilma Rousseff","PT","PT PT PMDB PSD PP PR PROS PDT PC B PRB",2997360,2.85,"Presidente",2014,"Turno 2","RS","RS"
"590","M. G. do Sul","Dilma Rousseff","PT","PT PT PMDB PSD PP PR PROS PDT PC B PRB",590835,0.56,"Presidente",2014,"Turno 2","MS","MS"
"591","Mato Grosso","Dilma Rousseff","PT","PT PT PMDB PSD PP PR PROS PDT PC B PRB",717230,0.68,"Presidente",2014,"Turno 2","MT","MT"
"592","Goiás","Dilma Rousseff","PT","PT PT PMDB PSD PP PR PROS PDT PC B PRB",1365658,1.3,"Presidente",2014,"Turno 2","GO","GO"
"593","Distrito Federal","Dilma Rousseff","PT","PT PT PMDB PSD PP PR PROS PDT PC B PRB",580581,0.55,"Presidente",2014,"Turno 2","DF","DF"
"594","Rondônia","Aécio Neves","PSDB","PSDB PSDB PMN SD DEM PEN PTN PTB PTC PT B",442349,0.42,"Presidente",2014,"Turno 2","RO","RO"
"595","Acre","Aécio Neves","PSDB","PSDB PSDB PMN SD DEM PEN PTN PTB PTC PT B",243530,0.23,"Presidente",2014,"Turno 2","AC","AC"
"596","Amazonas","Aécio Neves","PSDB","PSDB PSDB PMN SD DEM PEN PTN PTB PTC PT B",555810,0.53,"Presidente",2014,"Turno 2","AM","AM"
"597","Roraima","Aécio Neves","PSDB","PSDB PSDB PMN SD DEM PEN PTN PTB PTC PT B",139477,0.13,"Presidente",2014,"Turno 2","RR","RR"
"598","Pará","Aécio Neves","PSDB","PSDB PSDB PMN SD DEM PEN PTN PTB PTC PT B",1560470,1.48,"Presidente",2014,"Turno 2","PA","PA"
"599","Amapá","Aécio Neves","PSDB","PSDB PSDB PMN SD DEM PEN PTN PTB PTC PT B",142664,0.14,"Presidente",2014,"Turno 2","AP","AP"
"600","Tocantins","Aécio Neves","PSDB","PSDB PSDB PMN SD DEM PEN PTN PTB PTC PT B",291848,0.28,"Presidente",2014,"Turno 2","TO","TO"
"601","Maranhão","Aécio Neves","PSDB","PSDB PSDB PMN SD DEM PEN PTN PTB PTC PT B",667517,0.63,"Presidente",2014,"Turno 2","MA","MA"
"602","Piauí","Aécio Neves","PSDB","PSDB PSDB PMN SD DEM PEN PTN PTB PTC PT B",383884,0.36,"Presidente",2014,"Turno 2","PI","PI"
"603","Ceará","Aécio Neves","PSDB","PSDB PSDB PMN SD DEM PEN PTN PTB PTC PT B",1067096,1.01,"Presidente",2014,"Turno 2","CE","CE"
"604","R. G. do Norte","Aécio Neves","PSDB","PSDB PSDB PMN SD DEM PEN PTN PTB PTC PT B",516011,0.49,"Presidente",2014,"Turno 2","RN","RN"
"605","Paraíba","Aécio Neves","PSDB","PSDB PSDB PMN SD DEM PEN PTN PTB PTC PT B",767916,0.73,"Presidente",2014,"Turno 2","PB","PB"
"606","Pernambuco","Aécio Neves","PSDB","PSDB PSDB PMN SD DEM PEN PTN PTB PTC PT B",1459266,1.39,"Presidente",2014,"Turno 2","PE","PE"
"607","Alagoas","Aécio Neves","PSDB","PSDB PSDB PMN SD DEM PEN PTN PTB PTC PT B",574012,0.54,"Presidente",2014,"Turno 2","AL","AL"
"608","Sergipe","Aécio Neves","PSDB","PSDB PSDB PMN SD DEM PEN PTN PTB PTC PT B",380222,0.36,"Presidente",2014,"Turno 2","SE","SE"
"609","Bahia","Aécio Neves","PSDB","PSDB PSDB PMN SD DEM PEN PTN PTB PTC PT B",2151922,2.04,"Presidente",2014,"Turno 2","BA","BA"
"610","Minas Gerais","Aécio Neves","PSDB","PSDB PSDB PMN SD DEM PEN PTN PTB PTC PT B",5428821,5.15,"Presidente",2014,"Turno 2","MG","MG"
"611","Espírito Santo","Aécio Neves","PSDB","PSDB PSDB PMN SD DEM PEN PTN PTB PTC PT B",1064067,1.01,"Presidente",2014,"Turno 2","ES","ES"
"612","Rio de Janeiro","Aécio Neves","PSDB","PSDB PSDB PMN SD DEM PEN PTN PTB PTC PT B",3681088,3.49,"Presidente",2014,"Turno 2","RJ","RJ"
"613","São Paulo","Aécio Neves","PSDB","PSDB PSDB PMN SD DEM PEN PTN PTB PTC PT B",15296289,14.52,"Presidente",2014,"Turno 2","SP","SP"
"614","Paraná","Aécio Neves","PSDB","PSDB PSDB PMN SD DEM PEN PTN PTB PTC PT B",3765025,3.57,"Presidente",2014,"Turno 2","PR","PR"
"615","Santa Catarina","Aécio Neves","PSDB","PSDB PSDB PMN SD DEM PEN PTN PTB PTC PT B",2469079,2.34,"Presidente",2014,"Turno 2","SC","SC"
"616","R. G. do Sul","Aécio Neves","PSDB","PSDB PSDB PMN SD DEM PEN PTN PTB PTC PT B",3452455,3.28,"Presidente",2014,"Turno 2","RS","RS"
"617","M. G. do Sul","Aécio Neves","PSDB","PSDB PSDB PMN SD DEM PEN PTN PTB PTC PT B",762233,0.72,"Presidente",2014,"Turno 2","MS","MS"
"618","Mato Grosso","Aécio Neves","PSDB","PSDB PSDB PMN SD DEM PEN PTN PTB PTC PT B",864999,0.82,"Presidente",2014,"Turno 2","MT","MT"
"619","Goiás","Aécio Neves","PSDB","PSDB PSDB PMN SD DEM PEN PTN PTB PTC PT B",1818087,1.73,"Presidente",2014,"Turno 2","GO","GO"
"620","Distrito Federal","Aécio Neves","PSDB","PSDB PSDB PMN SD DEM PEN PTN PTB PTC PT B",943275,0.9,"Presidente",2014,"Turno 2","DF","DF"
